"crawler_id","keyword","asset_id","account_id","keyword_id","start_url"
8,"Anastasia Beverly Hills",13,11,3,"https://www.dhgate.com/wholesale/search.do?act=search&sus=&searchkey=anastasia+beverly+hills"
8,"Arizer",4,3,4,"https://www.dhgate.com/wholesale/search.do?act=search&sus=&searchkey=arizer&catalog=#Homesearch201403"
8,"Brow Wiz",18,11,5,"https://www.dhgate.com/wholesale/search.do?act=search&sus=&searchkey=brow+wiz&catalog=#Homesearch201403"
8,"Dipbrow",17,11,7,"https://www.dhgate.com/wholesale/search.do?act=search&sus=&searchkey=dipbrow&catalog=#hpsearch1507"
8,"Moonchild",19,11,20,"https://www.dhgate.com/wholesale/search.do?act=search&sus=&searchkey=moonchild&catalog=#Homesearch201403"
8,"Schroth",10,8,26,"https://www.dhgate.com/wholesale/search.do?act=search&sus=&searchkey=schroth"
8,"Sub Ohm Innovations",7,6,27,"https://www.dhgate.com/wholesale/search.do?act=search&sus=&searchkey=sub+ohm+innovations"
8,"Takata",9,8,28,"https://www.dhgate.com/wholesale/search.do?act=search&sus=&searchkey=takata&catalog=#hpsearch1507"
8,"Twisted Messes",6,5,29,"https://www.dhgate.com/wholesale/search.do?act=search&sus=&searchkey=twisted+messes&catalog=#Homesearch201403"
8,"Makeup Eraser",24,18,48,"https://www.dhgate.com/wholesale/search.do?act=search&sus=&searchkey=makeup+eraser&catalog=#Homesearch201403"
8,"Golf Pride",26,20,50,"https://www.dhgate.com/wholesale/search.do?act=search&sus=&searchkey=golf+pride&catalog=#hpsearch1507"
8,"Pride Grips",27,20,52,"https://www.dhgate.com/wholesale/search.do?act=search&sus=&searchkey=pride+grips&catalog=#Homesearch201403"
8,"Huda Beauty",31,24,56,"https://www.dhgate.com/wholesale/search.do?act=search&sus=&searchkey=huda+beauty"
8,"BH Cosmetics",32,25,57,"https://www.dhgate.com/wholesale/search.do?act=search&sus=&searchkey=bh+cosmetics&catalog=#Homesearch201403"
8,"Scrub Daddy",33,26,58,"https://www.dhgate.com/wholesale/search.do?act=search&sus=&searchkey=scrub+daddy"
8,"ABH",35,11,60,"https://www.dhgate.com/wholesale/search.do?act=search&sus=&searchkey=abh&catalog=#Homesearch201403"
8,"Pro.Conceal",38,9,64,"https://www.dhgate.com/wholesale/search.do?act=search&sus=&searchkey=pro.conceal&catalog=#Homesearch201403"
8,"Pro Conceal",39,9,65,"https://www.dhgate.com/wholesale/search.do?act=search&sus=&searchkey=pro+conceal&catalog=#Homesearch201403"
8,"Galia Lahav",44,30,70,"https://www.dhgate.com/wholesale/search.do?act=search&sus=&searchkey=galia+lahav&catalog=#hpsearch1507"
8,"Subzero Mod",47,6,75,"https://www.dhgate.com/wholesale/search.do?act=search&sus=&searchkey=Subzero+Mod&catalog=#Homesearch201403"
8,"Subzero RDA",47,6,76,"https://www.dhgate.com/wholesale/search.do?act=search&sus=&searchkey=Subzero+RDA&catalog=#Homesearch201403"
8,"Big Dripper",47,6,77,"https://www.dhgate.com/wholesale/search.do?act=search&sus=&searchkey=Big+Dripper&catalog=#Homesearch201403"
8,"Sub Zero Mod",47,6,78,"https://www.dhgate.com/wholesale/search.do?act=search&sus=&searchkey=Sub+Zero+Mod&catalog=#Homesearch201403"
8,"Sub Zero RDA",47,6,79,"https://www.dhgate.com/wholesale/search.do?act=search&sus=&searchkey=Sub+Zero+RDA&catalog=#Homesearch201403"
8,"ari zer",36,3,80,"https://www.dhgate.com/wholesale/search.do?act=search&sus=&searchkey=ari+zer&catalog=#hpsearch1507"
8,"a rizer",36,3,81,"https://www.dhgate.com/wholesale/search.do?act=search&sus=&searchkey=a+rizer&catalog=103#Homesearch201403"
8,"L.A. Girl",11,9,83,"https://www.dhgate.com/wholesale/search.do?act=search&sus=&searchkey=l.a.+girl&catalog=#Homesearch201403"
8,"Superstroke",49,33,85,"https://www.dhgate.com/wholesale/search.do?act=search&sus=&searchkey=super+stroke&catalog=#Homesearch201403"
8,"Anna Campbell",52,36,90,"https://www.dhgate.com/wholesale/search.do?act=search&sus=&searchkey=anna+campbell&catalog=#Homesearch201403"
8,"Solo Vaporizer",58,3,95,"https://www.dhgate.com/wholesale/search.do?act=search&sus=&searchkey=solo+vaporizer"
8,"Herbal Vaporizer Kit",36,3,96,"https://www.dhgate.com/wholesale/search.do?act=search&sus=&searchkey=herbal+vaporizer+kit"
8,"Air Vaporizer",59,3,97,"https://www.dhgate.com/wholesale/search.do?act=search&sus=&searchkey=air+vaporizer"
8,"Subzero Mod",62,6,101,"https://www.dhgate.com/wholesale/search.do?act=search&sus=&searchkey=subzero+mod"
8,"Sub Zero Mod",62,6,102,"https://www.dhgate.com/wholesale/search.do?act=search&sus=&searchkey=sub+zero+mod"
8,"Subzero RDA",63,6,103,"https://www.dhgate.com/wholesale/search.do?act=search&sus=&searchkey=subzero+rda"
8,"Sub Zero RDA",63,6,104,"https://www.dhgate.com/wholesale/search.do?act=search&sus=&searchkey=sub+zero+mod"
8,"Big Dripper",64,6,105,"https://www.dhgate.com/wholesale/search.do?act=search&sus=&searchkey=big+dripper"
8,"Anastasia",35,11,107,"https://www.dhgate.com/wholesale/search.do?act=search&sus=&searchkey=anastasia"
8,"Ana",35,11,108,"http://www.dhgate.com/wholesale/search.do?searchkey=Ana"
8,"Ana Brow",35,11,109,"https://www.dhgate.com/wholesale/search.do?act=search&sus=&searchkey=ana+brow"
8,"Nicole Guerriero",65,11,110,"https://www.dhgate.com/wholesale/search.do?act=search&sus=&searchkey=nicole+guerriero&catalog=#Homesearch201403"
8,"Self Made",66,11,111,"https://www.dhgate.com/wholesale/search.do?act=search&sus=&searchkey=self+made"
8,"Master Palette by Mario",67,11,112,"https://www.dhgate.com/wholesale/search.do?act=search&sus=&searchkey=Master+Palette+by+Mario"
8,"Modern Renaissance",68,11,113,"https://www.dhgate.com/wholesale/search.do?act=search&sus=&searchkey=modern+renaissance"
8,"Illuminators",69,11,114,"https://www.dhgate.com/wholesale/search.do?act=search&sus=&searchkey=illuminators"
8,"Blush Trios",71,11,115,"https://www.dhgate.com/wholesale/search.do?act=search&sus=&searchkey=blush+trios"
8,"18 Color Tip Palette",72,11,116,"https://www.dhgate.com/wholesale/search.do?act=search&sus=&searchkey=18+color+tip+palette"
8,"Takat",73,8,121,"https://www.dhgate.com/wholesale/search.do?act=search&sus=&searchkey=takat&catalog=#Homesearch201403"
8,"Takat*",73,8,122,"https://www.dhgate.com/wholesale/search.do?act=search&sus=&searchkey=takat*&catalog=#Homesearch201403"
8,"Taka Racing",73,8,128,"https://www.dhgate.com/wholesale/search.do?act=search&sus=&searchkey=taka+racing&catalog=#Homesearch201403"
8,"Tow Strap",73,8,129,"https://www.dhgate.com/wholesale/search.do?act=search&sus=&searchkey=tow+strap&catalog=#Homesearch201403"
8,"Racing Belt",73,8,130,"https://www.dhgate.com/wholesale/search.do?act=search&sus=&searchkey=racing+belt&catalog=#Homesearch201403"
8,"Kata",73,8,131,"https://www.dhgate.com/wholesale/search.do?act=search&sus=&searchkey=kata&catalog=#Homesearch201403"
8,"TKT",73,8,132,"https://www.dhgate.com/wholesale/search.do?act=search&sus=&searchkey=tkt&catalog=#Homesearch201403"
8,"Pro Concealer",39,9,133,"https://www.dhgate.com/wholesale/search.do?act=search&sus=&searchkey=pro+concealer&catalog=#Homesearch201403"
8,"HD Concealer",39,9,136,"https://www.dhgate.com/wholesale/search.do?act=search&sus=&searchkey=hd+concealer&catalog=#Homesearch201403"
8,"High Definition Concealer",39,9,137,"https://www.dhgate.com/wholesale/search.do?act=search&sus=&searchkey=high+definition+concealer&catalog=#Homesearch201403"
8,"24-Color Concealer Liquid Foundation",39,9,138,"https://www.dhgate.com/wholesale/search.do?act=search&sus=&searchkey=24-color+concealer+liquid+foundation"
8,"LA Girl Pro HD",39,9,140,"https://www.dhgate.com/wholesale/search.do?act=search&sus=&searchkey=la+girl+pro+hd"
8,"LA Girl",74,9,141,"https://www.dhgate.com/wholesale/search.do?act=search&sus=&searchkey=la+girl&catalog=#Homesearch201403"
8,"Los Angeles Girl",74,9,142,"https://www.dhgate.com/wholesale/search.do?act=search&sus=&searchkey=los+angeles+girl"
8,"Matte Pigment Gloss",75,9,143,"https://www.dhgate.com/wholesale/search.do?act=search&sus=&searchkey=matte+pigment+gloss"
8,"Flat Finish Matte Pigment Gloss",75,9,144,"https://www.dhgate.com/wholesale/search.do?act=search&sus=&searchkey=flat+finish+matte+pigment+gloss"
8,"Flat Finish",75,9,145,"https://www.dhgate.com/wholesale/search.do?act=search&sus=&searchkey=flat+finish"
8,"Pro BB",76,9,146,"https://www.dhgate.com/wholesale/search.do?act=search&sus=&searchkey=pro+bb"
8,"Aurora Glow Kit",70,11,147,"https://www.dhgate.com/wholesale/search.do?act=search&sus=&searchkey=aurora+glow+kit"
8,"Facial Cleansing Pad",85,18,160,"https://www.dhgate.com/wholesale/search.do?act=search&sus=&searchkey=facial+cleansing+pad&catalog=#Homesearch201403"
8,"Microfiber Makeup Removal Towel",86,18,161,"https://www.dhgate.com/wholesale/search.do?act=search&sus=&searchkey=microfiber+rmakeup+removal+towel"
8,"Facial Cleaning Pad",86,18,163,"https://www.dhgate.com/wholesale/search.do?act=search&sus=&searchkey=facial+cleaning+pad"
8,"Makeup Removal Towel",86,18,164,"https://www.dhgate.com/wholesale/search.do?act=search&sus=&searchkey=makeup+removal+towel"
8,"Makeup Remover Towel",86,18,165,"https://www.dhgate.com/wholesale/search.do?act=search&sus=&searchkey=makeup+remover+towel"
8,"Makeup Remover Cloth",86,18,166,"https://www.dhgate.com/wholesale/search.do?act=search&sus=&searchkey=makeup+remover+cloth"
8,"Microfiber Cloth Remover",86,18,168,"https://www.dhgate.com/wholesale/search.do?act=search&sus=&searchkey=microfiber+cloth+remover"
8,"MCC Golf",96,20,184,"https://www.dhgate.com/wholesale/search.do?act=search&sus=&searchkey=mcc+golf"
8,"Club Grips",27,20,189,"https://www.dhgate.com/wholesale/search.do?act=search&sus=&searchkey=club+grips"
8,"Golf Grips",27,20,190,"https://www.dhgate.com/wholesale/search.do?act=search&sus=&searchkey=golf+grips"
8,"Golf Club Grips",27,20,191,"https://www.dhgate.com/wholesale/search.do?act=search&sus=&searchkey=golf+club+grips"
8,"AnnaCampbell",97,36,192,"https://www.dhgate.com/wholesale/search.do?act=search&sus=&searchkey=annacampbell"
8,"Campbell",97,36,193,"https://www.dhgate.com/wholesale/search.do?act=search&sus=&searchkey=campbell"
8,"Anna Dress",97,36,194,"https://www.dhgate.com/wholesale/search.do?act=search&sus=&searchkey=anna+dress"
8,"Anna Champbell",97,36,195,"https://www.dhgate.com/wholesale/search.do?act=search&sus=&searchkey=anna+champbell"
8,"Anna Campbel",97,36,196,"https://www.dhgate.com/wholesale/search.do?act=search&sus=&searchkey=anna+campbel"
8,"Anna Campell",97,36,197,"https://www.dhgate.com/wholesale/search.do?act=search&sus=&searchkey=anna+campell"
8,"Universal Golf Club Putter",27,20,198,"https://www.dhgate.com/wholesale/search.do?act=search&sus=&searchkey=universal+golf+club+putter"
8,"Witchcraft Eyeshadow",107,31,208,"http://www.dhgate.com/wholesale/search.do?searchkey=Witchcraft+Eyeshadow"
8,"Wizardry Eyeshadow",104,31,209,"http://www.dhgate.com/wholesale/search.do?searchkey=Wizardry+Eyeshadow"
8,"Harry Potter Eyeshadow",106,31,211,"http://www.dhgate.com/wholesale/search.do?searchkey=Harry+Potter+Eyeshadow"
8,"Super Stroke",109,33,213,"https://www.dhgate.com/wholesale/search.do?act=search&sus=&searchkey=super+stroke"
8,"Golf Grip",109,33,214,"https://www.dhgate.com/wholesale/search.do?act=search&sus=&searchkey=golf+grip"
8,"Club Grip",109,33,215,"https://www.dhgate.com/wholesale/search.do?act=search&sus=&searchkey=club+grip"
8,"Beverly Hills",35,11,216,"https://www.dhgate.com/wholesale/search.do?act=search&sus=&searchkey=beverly+hills"
8,"Dip Brow",110,11,217,"https://www.dhgate.com/wholesale/search.do?act=search&sus=&searchkey=dip+brow"
8,"emazing",119,43,229,"https://www.dhgate.com/wholesale/search.do?act=search&sus=&searchkey=emazing"
8,"BHCosmetics",32,25,234,"https://www.dhgate.com/wholesale/search.do?act=search&sus=&searchkey=bhcosmetics&catalog=#Homesearch201403"
8,"BH Eyeshadow",127,25,235,"https://www.dhgate.com/wholesale/search.do?act=search&sus=&searchkey=bh+eyeshadow&catalog=#Homesearch201403"
8,"Carli Bybel",128,25,238,"https://www.dhgate.com/wholesale/search.do?act=search&sus=&searchkey=carli+bybel&catalog=#Homesearch201403"
8,"21 Color Eyeshadow",128,25,239,"https://www.dhgate.com/wholesale/search.do?act=search&sus=&searchkey=21+color+eyeshadow&catalog=#Homesearch201403"
8,"Missy Lynn",129,25,240,"https://www.dhgate.com/wholesale/search.do?act=search&sus=&searchkey=missy+lynn&catalog=#Homesearch201403"
8,"Live Fit",135,49,257,"https://www.dhgate.com/wholesale/search.do?act=search&sus=&searchkey=live+fit&catalog=#Homesearch201403"
8,"juvia's place",148,60,284,"https://www.dhgate.com/wholesale/search.do?act=search&sus=&searchkey=Juvia%27s+place&catalog=#hpsearch1507"
8,"The Masquerade",151,60,290,"https://www.dhgate.com/wholesale/the+masquerade/s018.html"
8,"Juvia's",148,60,317,"https://www.dhgate.com/wholesale/search.do?act=search&sus=&searchkey=Juvia%27s&catalog=#Homesearch201403"
8,"Subculture",173,11,329,"https://www.dhgate.com/wholesale/search.do?act=search&sus=&searchkey=subculture&catalog=#Homesearch201403"
8,"moon child glow",19,11,331,"https://www.dhgate.com/wholesale/search.do?act=search&sus=&searchkey=moon+child+glow&catalog=#Homesearch201403"
8,"Contour Kit",176,11,334,"https://www.dhgate.com/wholesale/search.do?act=search&sus=&searchkey=contour+kit&catalog=#Homesearch201403"
8,"Ultimate Glow",177,11,335,"https://www.dhgate.com/wholesale/search.do?act=search&sus=&searchkey=ultimate+glow&catalog=#Homesearch201403"
8,"That Glow",178,11,336,"https://www.dhgate.com/wholesale/search.do?act=search&sus=&searchkey=that+glow&catalog=#Homesearch201403"
8,"Sun Dipped",178,11,338,"https://www.dhgate.com/wholesale/search.do?act=search&sus=&searchkey=sun+dipped&catalog=#Homesearch201403"
8,"Sweets Glow Kit",178,11,339,"https://www.dhgate.com/wholesale/search.do?act=search&sus=&searchkey=sweets+glow+kit&catalog=#Homesearch201403"
8,"Glow Kit",178,11,340,"https://www.dhgate.com/wholesale/search.do?act=search&sus=&searchkey=glow+kit&catalog=#Homesearch201403"
8,"14 Color Makeup Eye Shadow Palette",173,11,341,"https://www.dhgate.com/wholesale/search.do?act=search&sus=&searchkey=14+color+makeup+eye+shadow+palette&catalog=#Homesearch201403"
8,"Epic2",185,28,354,"https://www.dhgate.com/wholesale/search.do?act=search&sus=&searchkey=epic2"
8,"LVFT",189,49,363,"https://www.dhgate.com/wholesale/search.do?searchkey=LVFT"
8,"26 Color Eyeshadow",127,25,365,"https://www.dhgate.com/wholesale/search.do?act=search&sus=&searchkey=26+color+eyeshadow"
8,"Happy Face Sponge",191,26,372,"https://www.dhgate.com/wholesale/search.do?act=search&sus=&searchkey=happy+face+sponge"
8,"Into The AM",197,43,385,"https://www.dhgate.com/wholesale/search.do?act=search&sus=&searchkey=into+the+am"
8,"iHeartRaves",196,43,386,"https://www.dhgate.com/wholesale/search.do?act=search&sus=&searchkey=iHeartRaves"
8,"Dipbro",110,11,389,"https://www.dhgate.com/wholesale/search.do?act=search&sus=&searchkey=dipbro"
8,"Face Concealing Cosmetic",39,9,397,"https://www.dhgate.com/wholesale/search.do?act=search&sus=&searchkey=face+concealing+cosmetic"
8,"Pro Makeup Full Cover Primer Concealer",39,9,398,"https://www.dhgate.com/wholesale/search.do?act=search&sus=&searchkey=pro+makeup+full+cover+primer+concealer"
8,"L.A.Girl",11,9,399,"https://www.dhgate.com/wholesale/search.do?act=search&sus=&searchkey=l.a.girl"
8,"Hud Beauty",171,24,413,"https://www.dhgate.com/wholesale/search.do?act=search&sus=&searchkey=hud+beauty"
8,"HD Beauty",171,24,414,"https://www.dhgate.com/wholesale/search.do?act=search&sus=&searchkey=hd+beauty"
8,"Stay All Day Lip",171,24,415,"https://www.dhgate.com/wholesale/search.do?act=search&sus=&searchkey=stay+all+day+lip"
8,"Beauty Huda",171,24,416,"https://www.dhgate.com/wholesale/search.do?act=search&sus=&searchkey=beauty+huda"
8,"Sugar Glow Kit",218,11,443,"https://www.dhgate.com/wholesale/search.do?act=search&sus=&searchkey=sugar+glow+kit&catalog=#Homesearch201403"
8,"Matte Lip Gloss",171,24,445,"https://www.dhgate.com/wholesale/search.do?act=search&sus=&searchkey=matte+lip+gloss"
8,"Desert Dusk",235,24,463,"https://www.dhgate.com/wholesale/search.do?act=search&sus=&searchkey=Desert+Dusk"
8,"Prism Palette",219,11,468,"https://www.dhgate.com/wholesale/search.do?act=search&sus=&searchkey=prism+palette&catalog=#Homesearch201403"
8,"Gorgeous Mermaid Backless Wedding Dresses Sweetheart Cap Sleeve",241,30,470,"https://www.dhgate.com/wholesale/search.do?act=search&sus=&searchkey=Gorgeous+Mermaid+Backless+Wedding+Dresses+Sweetheart+Cap+Sleeve"
8,"Strobe lip",171,24,549,"https://www.dhgate.com/wholesale/search.do?act=search&sus=&searchkey=strobe+lip&catalog=#hpsearch1507"
8,"Soft Glam",296,11,612,"https://www.dhgate.com/wholesale/search.do?act=search&sus=&searchkey=soft+glam&catalog=#Homesearch201403"
8,"microtech knives",325,167,644,"https://www.dhgate.com/wholesale/search.do?act=search&sus=&searchkey=microtech+knives"
8,"microtech knife",325,167,645,"https://www.dhgate.com/wholesale/search.do?act=search&sus=&searchkey=microtech+knife"
8,"Catalyst Case",326,168,648,"https://www.dhgate.com/wholesale/search.do?act=search&sus=&searchkey=Catalyst"
8,"Golf Grip",27,20,768,"https://www.dhgate.com/wholesale/search.do?act=search&sus=&searchkey=golf+grip"
8,"Portable Face Shade",377,194,816,"https://www.dhgate.com/wholesale/search.do?act=search&sus=&searchkey=Portable+Face+Shade"
8,"Beach Face Shade",377,194,817,"https://www.dhgate.com/wholesale/search.do?act=search&sus=&searchkey=Beach+Face+Shade"
8,"Portable Beach Shade",377,194,818,"https://www.dhgate.com/wholesale/search.do?act=search&sus=&searchkey=Portable+Beach+Shade"
8,"Beach Sun Shade",377,194,819,"https://www.dhgate.com/wholesale/search.do?act=search&sus=&searchkey=Beach+Sun+Shade"
8,"Head Shade",377,194,820,"https://www.dhgate.com/wholesale/search.do?act=search&sus=&searchkey=Head+Shade"
8,"Tour Velvet",471,20,920,"https://www.dhgate.com/wholesale/search.do?act=search&sus=&searchkey=tour+velvet"
8,"2G Golf",476,20,924,"https://www.dhgate.com/wholesale/search.do?act=search&sus=&searchkey=2g+golf"
8,"CP2 Golf",477,20,925,"https://www.dhgate.com/wholesale/search.do?act=search&sus=&searchkey=cp2+golf"
8,"Align Golf",475,20,926,"https://www.dhgate.com/wholesale/search.do?act=search&sus=&searchkey=align+golf"
8,"Gorjana",497,302,948,"https://www.dhgate.com/wholesale/search.do?act=search&sus=&searchkey=gorjana"
8,"Seagate Electronics",518,322,971,"https://www.dhgate.com/wholesale/search.do?act=search&sus=&searchkey=seagate+electronics"
8,"Dr. Sinatra",524,327,977,"https://www.dhgate.com/wholesale/search.do?act=search&sus=&searchkey=dr+sinatra"
8,"Dr. Stephen Sinatra",524,327,978,"http://www.dhgate.com/wholesale/search.do?searchkey=Dr.+Stephen+Sinatra"
8,"Dr. Whitaker",525,327,979,"https://www.dhgate.com/wholesale/search.do?act=search&sus=&searchkey=dr+whitaker"
8,"Dr. Julian Whitaker",525,327,980,"https://www.dhgate.com/wholesale/search.do?act=search&sus=&searchkey=dr+julian+whitaker"
8,"Twelve South",529,329,987,"https://www.dhgate.com/wholesale/search.do?act=search&sus=&searchkey=twelve+south"
8,"Voloom",530,330,988,"https://www.dhgate.com/wholesale/search.do?act=search&sus=&searchkey=voloom"
8,"BookBook",546,329,1007,"https://www.dhgate.com/wholesale/search.do?act=search&sus=&searchkey=BookBook"
8,"Halo Knife",577,167,1039,"https://www.dhgate.com/wholesale/search.do?act=search&sus=&searchkey=halo+knife"
8,"Socom Knife",578,167,1040,"https://www.dhgate.com/wholesale/search.do?act=search&sus=&searchkey=socom+knife"
8,"Marfione",591,167,1055,"https://www.dhgate.com/wholesale/search.do?act=search&sus=&searchkey=marfione"
8,"Troodon Knife",592,167,1056,"https://www.dhgate.com/wholesale/search.do?act=search&sus=&searchkey=troodon+knife"
8,"Scarab Knife",593,167,1057,"https://www.dhgate.com/wholesale/search.do?act=search&sus=&searchkey=scarab+knife"
8,"Ultratech Knife",594,167,1058,"https://www.dhgate.com/wholesale/search.do?act=search&sus=&searchkey=ultratech+knife"
8,"MuscleGen Research",596,355,1061,"https://www.dhgate.com/wholesale/search.do?act=search&sus=&searchkey=MuscleGen+Research"
8,"SilcSkin",623,370,1090,"https://www.dhgate.com/wholesale/search.do?act=search&sus=&searchkey=SilcSkin"
8,"Decollette Pad",629,370,1097,"https://www.dhgate.com/wholesale/search.do?act=search&sus=&searchkey=decollette+Pad"
8,"Norvina",648,11,1125,"https://www.dhgate.com/wholesale/search.do?act=search&sus=&searchkey=norvina&catalog=#Homesearch201403"
8,"eyebrow pomade",110,11,1126,"https://www.dhgate.com/w/eyebrow+pomade.html"
8,"Sultry Eyeshadow",659,11,1145,"https://www.dhgate.com/wholesale/search.do?act=search&sus=&searchkey=sultry+eyeshadow&catalog=#Homesearch201403"
8,"BookArc",662,329,1157,"https://www.dhgate.com/wholesale/search.do?act=search&sus=&searchkey=BookArc"
8,"HiRise",663,329,1158,"https://www.dhgate.com/wholesale/search.do?act=search&sus=&searchkey=HiRise"
8,"Actionsleeve",664,329,1159,"https://www.dhgate.com/wholesale/search.do?act=search&sus=&searchkey=Actionsleeve"
8,"Compass iPad",665,329,1160,"https://www.dhgate.com/wholesale/search.do?act=search&sus=&searchkey=compass&catalog=105#Homesearch201403"
8,"Halter",674,402,1178,"https://www.dhgate.com/wholesale/halter/s011.html#cs-011-1"
8,"Sultry",659,11,1212,"https://www.dhgate.com/wholesale/search.do?act=search&sus=&searchkey=sultry&catalog=018#Homesearch201403"
8,"Blue Lizard",736,440,1273,"https://www.dhgate.com/wholesale/search.do?act=search&sus=&searchkey=blue+lizard"
8,"Critical Tattoo",742,446,1280,"https://www.dhgate.com/wholesale/search.do?act=search&sus=&searchkey=Critical+Tattoo"
8,"AtomX Power",775,446,1316,"https://www.dhgate.com/wholesale/search.do?act=search&sus=&searchkey=atomx+power"
8,"Atom Power",775,446,1320,"https://www.dhgate.com/wholesale/search.do?act=search&sus=&searchkey=atom+power"
8,"Nomad",779,473,1321,"https://www.dhgate.com/wholesale/search.do?act=search&sus=&searchkey=nomad&catalog=105#Homesearch201403"
8,"TATSoul",782,476,1324,"https://www.dhgate.com/wholesale/search.do?act=search&sus=&searchkey=TATSoul"
8,"Wrath Tubes",783,476,1325,"https://www.dhgate.com/wholesale/search.do?act=search&sus=&searchkey=wrath+tubes"
8,"Envy Needle",784,476,1328,"https://www.dhgate.com/wholesale/search.do?act=search&sus=&searchkey=envy+needle"
8,"Panoxyl",806,497,1349,"https://www.dhgate.com/wholesale/search.do?act=search&sus=&searchkey=Panoxyl"
8,"Sarna",807,498,1350,"https://www.dhgate.com/wholesale/search.do?act=search&sus=&searchkey=sarna"
8,"Tesla Model 3 Wireless Charger",815,473,1361,"https://www.dhgate.com/wholesale/search.do?&searchkey=tesla+model+3+wireless+phone+charger"
8,"Glazzi Concealer",74,9,1368,"https://www.dhgate.com/wholesale/search.do?searchkey=glazzi&catalog=#hpsearch1806"
8,"HeroClip",849,529,1456,"https://www.dhgate.com/wholesale/search.do?act=search&sus=&searchkey=heroclip&catalog=#hpsearch1806"
8,"Buckle Toy",850,530,1457,"https://www.dhgate.com/wholesale/search.do?act=search&sus=&searchkey=buckle+toy"
8,"Galia Dress",241,30,1461,"https://www.dhgate.com/wholesale/search.do?act=search&sus=&searchkey=galia+dress"
8,"Alastin",863,542,1474,"https://www.dhgate.com/wholesale/search.do?act=search&sus=&searchkey=Alastin"
8,"Flippy",865,543,1475,"https://www.dhgate.com/wholesale/search.do?act=search&sus=&searchkey=flippy"
8,"Tablet Pillow",865,543,1480,"https://www.dhgate.com/wholesale/search.do?act=search&sus=&searchkey=tablet+pillow"
8,"Obsessions Palette",171,24,1481,"https://www.dhgate.com/wholesale/search.do?act=search&sus=&searchkey=obsessions+palette&catalog=#pusearch1812"
8,"Power Bullet Lipstick",171,24,1482,"https://www.dhgate.com/wholesale/search.do?act=search&sus=&searchkey=power+bullet+lipstick&catalog=#hpsearch1806"
8,"Nymph",171,24,1483,"https://www.dhgate.com/wholesale/nymph/s018.html#listing_catefilter-018"
8,"Melted Eyeshadow",171,24,1484,"https://www.dhgate.com/wholesale/search.do?act=search&sus=&searchkey=melted+eyeshadow&catalog=#hpsearch1806"
8,"Nude Palette",171,24,1485,"https://www.dhgate.com/wholesale/nude+palette/s018.html#listing_catefilter-018"
8,"Resting Boss Face",171,24,1486,"https://www.dhgate.com/wholesale/search.do?act=search&sus=&searchkey=resting+boss+face&catalog=#pusearch1812"
8,"3D Highlighter",171,24,1487,"https://www.dhgate.com/wholesale/3d+highlighter/s018.html#listing_catefilter-018"
8,"FauxFilter Foundation",171,24,1489,"https://www.dhgate.com/wholesale/search.do?act=search&sus=&searchkey=fauxfilter+foundation&catalog=#hpsearch1806"
8,"Winter Solstice",171,24,1490,"https://www.dhgate.com/wholesale/winter+solstice/s018.html"
8,"Summer Solstice",171,24,1491,"https://www.dhgate.com/wholesale/summer+solstice/s018.html"
8,"Pink Sands",171,24,1493,"https://www.dhgate.com/wholesale/pink+sands/s018.html#listing_catefilter-018"
8,"Demi Matte Lipstick",171,24,1494,"https://www.dhgate.com/wholesale/demi+matte+lipstick/s018.html#listing_catefilter-018"
8,"Retrograde Palette",171,24,1509,"https://www.dhgate.com/wholesale/search.do?act=search&sus=&searchkey=retrograde+palette&catalog=#hpsearch1806"
8,"chargekey",893,473,1521,"https://www.dhgate.com/wholesale/search.do?act=search&sus=&searchkey=chargekey"
8,"No!No!",895,569,1523,"http://www.dhgate.com/wholesale/search.do?act=search&sus=&searchkey=No!no!"
8,"Nono Removal",895,569,1524,"http://www.dhgate.com/wholesale/search.do?act=search&sus=&searchkey=nono+removal"
8,"Dirac",909,167,1540,"https://www.dhgate.com/wholesale/search.do?act=search&sus=&searchkey=dirac"
8,"Tachyon Knife",910,167,1541,"https://www.dhgate.com/wholesale/search.do?act=search&searchkey=tachyon+knife"
8,"Cypher Knife",911,167,1542,"https://www.dhgate.com/wholesale/search.do?act=search&searchkey=cypher+knife"
8,"Matrix Knife",913,167,1543,"https://www.dhgate.com/wholesale/search.do?act=search&searchkey=matrix+knife"
8,"Interceptor Knife",915,167,1544,"https://www.dhgate.com/wholesale/search.do?act=search&searchkey=interceptor+knife"
8,"UTX-70",917,167,1546,"https://www.dhgate.com/wholesale/search.do?act=search&searchkey=UTX-70"
8,"Seagate",518,322,1574,"https://www.dhgate.com/wholesale/search.do?searchkey=Seagate"
8,"Barracuda",942,322,1576,"https://www.dhgate.com/wholesale/Barracuda/s104.html#listing_catefilter-104"
8,"Exos",943,322,1577,"https://www.dhgate.com/wholesale/search.do?searchkey=Exos"
8,"Lyve Drive",944,322,1578,"https://www.dhgate.com/wholesale/search.do?searchkey=Lyve+Drive"
8,"Firecuda",945,322,1579,"https://www.dhgate.com/wholesale/search.do?searchkey=Firecuda"
8,"IronWolf",946,322,1580,"https://www.dhgate.com/wholesale/search.do?searchkey=IronWolf"
8,"Nytro",947,322,1581,"https://www.dhgate.com/wholesale/search.do?searchkey=Nytro"
8,"SkyHawk",948,322,1582,"https://www.dhgate.com/wholesale/SkyHawk/s104.html#listing_catefilter-104"
8,"The Breather",954,604,1589,"https://www.dhgate.com/wholesale/search.do?searchkey=The+Breather"
8,"expiratory inspiratory",954,604,1590,"https://www.dhgate.com/wholesale/search.do?searchkey=expiratory+inspiratory"
8,"Smart Pot",958,607,1593,"https://www.dhgate.com/wholesale/search.do?searchkey=Smart+Pot"
8,"High Caliper Growing",960,607,1595,"https://www.dhgate.com/wholesale/search.do?searchkey=High+Caliper+Growing"
8,"collapsible water bottle",967,582,1602,"https://www.dhgate.com/wholesale/search.do?searchkey=collapsible+water+bottle"
8,"foldable water bottle",967,582,1603,"https://www.dhgate.com/wholesale/search.do?searchkey=foldable+water+bottle"
8,"exocet",975,167,1611,"https://www.dhgate.com/wholesale/search.do?searchkey=exocet"
8,"OCuSOFT",978,620,1619,"https://www.dhgate.com/wholesale/search.do?searchkey=OCuSOFT"
8,"Lid Scrub",978,620,1620,"https://www.dhgate.com/wholesale/search.do?searchkey=Lid+Scrub"
8,"socom elite",325,167,1626,"https://www.dhgate.com/wholesale/search.do?searchkey=socom+elite"
8,"Bold Hold",985,623,1632,"https://www.dhgate.com/wholesale/search.do?searchkey=Bold+Hold"
8,"The Hair Diagram",987,623,1634,"https://www.dhgate.com/wholesale/search.do?searchkey=The+Hair+Diagram"
8,"Yeezy",991,626,1638,"https://www.dhgate.com/wholesale/search.do?searchkey=Yeezy"
8,"Kanye West",990,626,1639,"https://www.dhgate.com/wholesale/search.do?searchkey=Kanye+West"
8,"ipad pillow",992,543,1640,"https://www.dhgate.com/wholesale/search.do?searchkey=ipad+pillow"
8,"Grayl",994,628,1643,"https://www.dhgate.com/wholesale/search.do?searchkey=Grayl"
8,"Onepress",995,628,1644,"https://www.dhgate.com/wholesale/search.do?searchkey=Onepress"
8,"Geopress",996,628,1645,"https://www.dhgate.com/wholesale/search.do?searchkey=Geopress"
8,"sup putter grip",109,33,1668,"https://www.dhgate.com/wholesale/search.do?searchkey=sup+putter+grip"
